Folder,Files,LOC,SLOC-P,SLOC-L,MVG,BLOC,C&SLOC,CLOC,CWORD,HCLOC,HCWORD
Total,325,142560,75047,56706,8128,14066,717,53447,311315,5842,46796
G:\大三 Amjed\tut11\commons-lang-master,325,142560,75047,56706,8128,14066,717,53447,311315,5842,46796
G:\大三 Amjed\tut11\commons-lang-master\src,325,142560,75047,56706,8128,14066,717,53447,311315,5842,46796
G:\大三 Amjed\tut11\commons-lang-master\src\main,153,79260,27666,19323,7422,5332,492,46262,271365,3074,24936
G:\大三 Amjed\tut11\commons-lang-master\src\main\java,153,79260,27666,19323,7422,5332,492,46262,271365,3074,24936
G:\大三 Amjed\tut11\commons-lang-master\src\main\java\org,153,79260,27666,19323,7422,5332,492,46262,271365,3074,24936
G:\大三 Amjed\tut11\commons-lang-master\src\main\java\org\apache,153,79260,27666,19323,7422,5332,492,46262,271365,3074,24936
G:\大三 Amjed\tut11\commons-lang-master\src\main\java\org\apache\commons,153,79260,27666,19323,7422,5332,492,46262,271365,3074,24936
G:\大三 Amjed\tut11\commons-lang-master\src\main\java\org\apache\commons\lang3,153,79260,27666,19323,7422,5332,492,46262,271365,3074,24936
G:\大三 Amjed\tut11\commons-lang-master\src\main\java\org\apache\commons\lang3\arch,2,193,42,24,7,22,0,129,627,36,272
G:\大三 Amjed\tut11\commons-lang-master\src\main\java\org\apache\commons\lang3\builder,21,10462,3635,2498,843,883,44,5944,28870,352,2773
G:\大三 Amjed\tut11\commons-lang-master\src\main\java\org\apache\commons\lang3\concurrent,21,4381,1045,719,163,330,11,3006,20706,757,6168
G:\大三 Amjed\tut11\commons-lang-master\src\main\java\org\apache\commons\lang3\event,3,494,162,116,15,43,3,289,1585,53,393
G:\大三 Amjed\tut11\commons-lang-master\src\main\java\org\apache\commons\lang3\exception,7,1685,534,369,109,115,2,1036,6088,121,954
G:\大三 Amjed\tut11\commons-lang-master\src\main\java\org\apache\commons\lang3\math,4,3040,1266,901,417,184,48,1590,8872,80,670
G:\大三 Amjed\tut11\commons-lang-master\src\main\java\org\apache\commons\lang3\mutable,10,2815,874,573,145,265,0,1676,8960,167,1321
G:\大三 Amjed\tut11\commons-lang-master\src\main\java\org\apache\commons\lang3\reflect,9,4617,1954,1341,546,391,8,2272,14020,150,1167
G:\大三 Amjed\tut11\commons-lang-master\src\main\java\org\apache\commons\lang3\text,24,9276,3814,2784,929,618,261,4844,29746,404,3222
G:\大三 Amjed\tut11\commons-lang-master\src\main\java\org\apache\commons\lang3\text\translate,13,1568,730,599,98,127,254,711,5842,218,1714
G:\大三 Amjed\tut11\commons-lang-master\src\main\java\org\apache\commons\lang3\time,14,7589,3069,2106,620,627,34,3893,22037,235,1860
G:\大三 Amjed\tut11\commons-lang-master\src\main\java\org\apache\commons\lang3\tuple,7,870,239,151,42,84,0,547,3111,117,906
G:\大三 Amjed\tut11\commons-lang-master\src\test,172,63300,47381,37383,706,8734,225,7185,39950,2768,21860
G:\大三 Amjed\tut11\commons-lang-master\src\test\java,172,63300,47381,37383,706,8734,225,7185,39950,2768,21860
G:\大三 Amjed\tut11\commons-lang-master\src\test\java\org,172,63300,47381,37383,706,8734,225,7185,39950,2768,21860
G:\大三 Amjed\tut11\commons-lang-master\src\test\java\org\apache,172,63300,47381,37383,706,8734,225,7185,39950,2768,21860
G:\大三 Amjed\tut11\commons-lang-master\src\test\java\org\apache\commons,172,63300,47381,37383,706,8734,225,7185,39950,2768,21860
G:\大三 Amjed\tut11\commons-lang-master\src\test\java\org\apache\commons\lang3,172,63300,47381,37383,706,8734,225,7185,39950,2768,21860
G:\大三 Amjed\tut11\commons-lang-master\src\test\java\org\apache\commons\lang3\builder,28,8114,6117,4651,174,1122,12,875,5413,448,3556
G:\大三 Amjed\tut11\commons-lang-master\src\test\java\org\apache\commons\lang3\concurrent,15,3325,1935,1350,53,313,0,1077,5879,240,1905
G:\大三 Amjed\tut11\commons-lang-master\src\test\java\org\apache\commons\lang3\event,2,464,344,254,11,70,0,50,343,32,254
G:\大三 Amjed\tut11\commons-lang-master\src\test\java\org\apache\commons\lang3\exception,7,1174,818,626,12,193,3,163,1094,112,889
G:\大三 Amjed\tut11\commons-lang-master\src\test\java\org\apache\commons\lang3\math,3,2821,2139,1811,6,433,24,249,1293,50,383
G:\大三 Amjed\tut11\commons-lang-master\src\test\java\org\apache\commons\lang3\mutable,8,1938,1361,1026,0,378,0,199,1259,128,1016
G:\大三 Amjed\tut11\commons-lang-master\src\test\java\org\apache\commons\lang3\reflect,23,3841,2882,1956,77,470,4,489,3375,368,2921
G:\大三 Amjed\tut11\commons-lang-master\src\test\java\org\apache\commons\lang3\reflect\testbed,17,507,139,94,3,56,1,312,2244,272,2159
G:\大三 Amjed\tut11\commons-lang-master\src\test\java\org\apache\commons\lang3\test,1,53,18,12,2,9,1,26,174,16,127
G:\大三 Amjed\tut11\commons-lang-master\src\test\java\org\apache\commons\lang3\text,18,6965,5038,4052,72,1101,30,826,3913,288,2286
G:\大三 Amjed\tut11\commons-lang-master\src\test\java\org\apache\commons\lang3\text\translate,8,524,267,205,4,97,2,160,1115,128,1016
G:\大三 Amjed\tut11\commons-lang-master\src\test\java\org\apache\commons\lang3\time,18,6363,4657,3269,69,858,70,848,5291,288,2286
G:\大三 Amjed\tut11\commons-lang-master\src\test\java\org\apache\commons\lang3\tuple,6,762,544,410,0,100,0,118,820,96,762
